Date,Username,Tweet,label
2023-02-06 08:15:20+00:00,Azlasy,@PendisKemenag Gmn ne jd g pelatihannya,
2023-02-01 06:33:02+00:00,indonesia1945RI,@PendisKemenag Bagi yang belum Bimtek untuk rekening di isi menggunakan rekening tahun lalu atau bagaimana? https://t.co/kROVcqexXP,
2023-01-31 02:57:20+00:00,BigDasz,@PendisKemenag Kami menunggu seperti halnya mereka https://t.co/59D08vIIUq,
2023-01-31 02:56:04+00:00,BigDasz,"@PendisKemenag Luar biassa, salut sayağŸ‘",
2023-01-29 14:10:07+00:00,tibylin,@PendisKemenag Hr gni bru platihan. Ktinggalan mulu sma kmdikbud,
2023-01-29 11:42:15+00:00,ahlulfikar,@PendisKemenag mantap,
2023-01-29 09:25:45+00:00,Azlasy,@PendisKemenag Ada link nya,
2023-01-29 04:02:41+00:00,BudiAcong66,@PendisKemenag Minta link/web info daftarnya min?,
2023-01-29 01:51:30+00:00,Safwadi80,@PendisKemenag Alamat link pendaftarannya di semat jga Mimin..ğŸ™,
2023-01-27 05:47:38+00:00,Anandawira18,"@PendisKemenag Assalamu alaikum. Mohon maaf bertanya min, untuk kegitan ekstra kurukuler tingakat MI apakah ada di juknis BOS",
2023-01-26 03:57:29+00:00,Anandawira18,@PendisKemenag Alokasinya untuk guru Apa saja min?,
2023-01-23 00:45:01+00:00,Jumono48706624,@PendisKemenag assalamualaikum,
2023-01-20 13:34:10+00:00,maswiryosaja,"@PendisKemenag @YaqutCQoumas

Mohon atensi @uinjktofficial",
2023-01-20 05:38:23+00:00,rayhanakbrrrrrr,"@PendisKemenag Siang min, kalo mau dapat data untuk pondok pesantren bisa di akses dimana ya?",
2023-01-14 07:01:36+00:00,Suneto_barsel,@PendisKemenag Mantap,
2023-01-11 06:27:39+00:00,Azlasy,@PendisKemenag Sustainable semoga dilancarkan. Do'a dan dukungannya 111232730002 Insya Allah tahun pelajaran 2024 launching Madrasah Ibtidaiyah Tahfidz handal digital,
2023-01-05 02:31:27+00:00,MUSAFANGATUN3,"@PendisKemenag Pengabdian sudah puluhan tahun, ada formasi Tenaga guru ,seleksi P3K... pengabdian di madrasah swasta tidak bisa mndaftar, sama"" bekerja untuk kemenag..yg swasta tidak di akui masa kerja... sampai kapan Pak...yg swasta dilibatkan ...",
2023-01-04 08:31:27+00:00,alvi_rachmah,"@PendisKemenag @GusYaqut Assalammualaikum Pak/Bu Saya ingin bertanya, Dari Kemarin saya mengisi EMIS tetapi servernya lama sekali. Terus sekarang servernya sudah tutup. Lalu bagaimana ya? atau ikut pengisian data 2023?",
2023-01-03 14:32:17+00:00,CharmaDwiarto,"@PendisKemenag Assalamualaikum selamat malam,mohon izin bertanya mohon maaf utk persyaratan pendaftaran PPPK khususnya unggah dokumen poin 3 yg menyatakan "" asli surat keputusan yg sah dr pejabat yg berwenag di kementerian agama itu maksutnya gimana ya ?",
2022-12-29 23:36:53+00:00,udin_mzudin,"@PendisKemenag Mohon maaf admin, izin bertanya. Emis PD Pontren apakah sedang error, ya? Sejak kemarin akses super lambat dan sering ""This page isnâ€™t working"". Mohon tanggapan dan solusinya. Terima kasih.",
2022-12-28 01:38:17+00:00,Mufi74858459,@PendisKemenag @Kemenag_RI Penghargaan ter the best kategori penyaluran insentif GBPNS guru honorer  kok gak ada ya?? #safegbpns,
2022-12-23 08:56:30+00:00,Mufi74858459,"@PendisKemenag Gak di ig atau ditwitter admin semua diem seribu bahasa bila bahas ttg guru honorer dibawah naunganya,,kebnyakan drama",
2022-12-23 08:55:29+00:00,Mufi74858459,@PendisKemenag Kasih penjelasan ke guru honorer kenpa gbpns hnya cair separo tdk sesuai juknis?????? Jgn cuma flexing sj,
2022-12-21 02:03:27+00:00,Mufi74858459,@PendisKemenag Sangking emosi ngetik smpek typo2,
2022-12-21 02:02:21+00:00,Mufi74858459,@PendisKemenag Yaallooh knp tdk ada oenejlasna smskli terkait insentif gbpns buat guru honorer admin??? Knp smpek skrng msih bnyk yg blm dpt dan knp bnyak juga yg caur hnya separo?????? Tolong pnjelasanya!!!,
2022-12-05 04:31:08+00:00,MirzaHikmah,@PendisKemenag Mohon izin bertanya terkait kepastian penggunaan aplikasi masook simpatika @PendisKemenag ??? Kapan mulai berlaku? Dan apa betul harus membayar.,
2022-12-01 08:01:23+00:00,bung_irhu,"@PendisKemenag Mau tanya dana bantuan guru Non PNS di simpatika ada petunjuk untuk pencairan, tapi ketika ke bank untuk pencairan katanya dananya belum turun. Bagaimana ya Bapak/Ibu? Adakah kontak yg bisa dihubungi?",
2022-11-25 18:02:13+00:00,Syamsir_Nadja,"@PendisKemenag *Laksana Embun Penyejuk*
https://t.co/0fzhG4VqlC",
2022-11-25 18:01:19+00:00,Syamsir_Nadja,"@PendisKemenag *Laksana Embun Penyejuk*
https://t.co/0fzhG4VqlC",
2022-11-25 10:04:13+00:00,Coey92844659,@PendisKemenag https://t.co/COvDzYbt5p,
2022-11-25 02:19:16+00:00,BigDasz,@PendisKemenag Kota Probolinggo https://t.co/Yrh1atdGcl,
2022-11-20 12:48:32+00:00,Bondan_ts,"@PendisKemenag Guru honorer dan guru yg sudah pretest tp ndak ppg2 pak, tlg dijaga juga marwahnya",
2022-11-15 22:33:17+00:00,nurfawaidipnu,@PendisKemenag Siap ramaikan,
2022-11-15 05:27:25+00:00,ParningotanAri1,@PendisKemenag https://t.co/zymNSurybT,
2022-11-01 12:06:35+00:00,aghuswiyoto,"@PendisKemenag Apa kabar 30% BOS Madrasah yg belum cair? BOS Madrasah itu realitanya tidak cair 100% kali jumlah siswa. Hanya sekitar 90%. Eh, ini malah baru dicairkan 60% dari yg 90% itu. Belum lagi insentif GBPNS, banyak yg tidak cair. Ada apa dengan Ke",
2022-11-01 11:54:05+00:00,ppsdnusantara,@PendisKemenag cara mendaoatkan sk inpassing bagaimana prosedurnya?,
2022-10-29 04:55:42+00:00,Mufi74858459,"@PendisKemenag Admin bagaimana dgn tunjangn insentif gbpns guru honorer kemenag,,,knp ada yg cair full 1thn dan ada yg separo?? Kenapa tdk ada kejelasan dr kemenag?? Herannnnnn",
2022-10-27 10:00:18+00:00,syamsul_huda11,@PendisKemenag Please buka helpdesk emis pesantren-madin-lpq. Kami kesulitan melakukan BAP lembaga karena data santri tidak valid. Manual book dan aplikasi tidak sesuai.,
2022-10-22 01:42:41+00:00,Gemblodack,"@PendisKemenag @kskkmadrasah bagaimana cara reset akun email dengan domain @madrasah.kemenag.go.id?
Dikarenakan admin yang dulu telah meninggal dunia sehingga saya selaku admin yang menggantikan kebingungan untuk akses akun tsb.
Terima kasih.",
2022-10-21 01:29:07+00:00,gusduyung,"@PendisKemenag Ass admin .. Saya dari lembaga baru .. MTs Nurul Hidayah NSM 121235280216 yang beralamat di Desa Kadur Kec. kadur Kab. Pamekasan Prov. Jawa Timur, sampai saat ini belum memiliki akun emis. Mohon petunjuk dan solusi bgmn carany agar akun emi",
2022-10-18 10:51:12+00:00,HQaskim,@PendisKemenag Izin bertanya untuk Pendis Kemenag RI.,
2022-10-14 18:01:48+00:00,Azlasy,@PendisKemenag Selamat buat kemenag jatim,
2022-10-13 03:28:43+00:00,afiulhud,"@PendisKemenag Assalamlkum, maaf,Untuk pencairan Insentif Guru ini, penentuanya layak/tdk bagaman ya min ? Ada bbrp guru dpet, dan tdk. Jadi bkin Resah para Guru https://t.co/WXtdvjyn0r",
2022-10-06 11:40:04+00:00,Is88Bang,"@PendisKemenag Assalamualikum saya salah satu guru yang mendapatkan uang Fungsional guru  non PNS, tahap pertama saya mendapatkan 1,4 jta dan tahap kedua saya belum mendapatkan uang tersebut, guru lain sudah mendapatkan uangnya. tapi ditahap ini saya belu",
2022-10-04 13:37:00+00:00,pengamat4,"@PendisKemenag Bagaimana dengan dana BOS Automatic adjustment, kapan cairnya min?
Madrasah udah menjerit nih! ğŸ™",
2022-10-03 02:48:59+00:00,syamsul_huda11,"@PendisKemenag Namun sayangnya ada critical poin yang dijadikan catatan dari ""suksesnya min 1""",
2022-09-30 03:20:26+00:00,Absorudin,"@PendisKemenag Selesaikan masalah linearitas jurusan kampus di bawah Kemenag, banyak gak diterima saat daftar CPNS, PPPK, PPG. Kapan guru kemenag/ agama disediakan formasi PPPK?",
2022-09-24 03:33:55+00:00,ziadatul_wardah,"@PendisKemenag urusan BOP RA uang sedikit,tapi urusan berteleÂ² + jauh dari jangkauan,mahal di ongkos",
2022-09-24 03:32:00+00:00,ziadatul_wardah,"@PendisKemenag kembalikan pembayaran BOP RA ke kantor kemenag kabupaten/kota,kanwil banyak masalah dalam pwnyaluran,terutama untuk kami yg berada di kepulauan",
2022-09-20 05:34:01+00:00,YNurbayan,"@PendisKemenag Alhamdulillah, walaupun keterbatasan perangkat bisa melaksanakan dgn penjadwalan 3 periode dimulai hari kemarin",
2022-09-20 05:14:35+00:00,Azlasy,@PendisKemenag Semoga dilancarkan ya pak,
2022-09-16 09:39:36+00:00,FitriansyahArif,"@PendisKemenag Semoga Tahun depan bisa menyusul untuk ikut PPG...
Aamiin....",
2022-09-14 01:34:25+00:00,HendiSuryanto6,@PendisKemenag Akan tetapi lamban dalam pembayaran dan sering begantung kepada terbit SKAKPT yang membuat terkadang tidak dibayarkan..padahal kalau tunjangan propesi di bayarkan dengan sistem perbulan akan meningkatkan perekonomian dan akan terjadi transa,
2022-09-12 21:54:35+00:00,abuyazied9,@PendisKemenag Semangat,
2022-09-11 06:39:32+00:00,Um1ld,"@PendisKemenag Siswa MTsN yg blum puny KIP, apa bisa buat/daftar di MTsN???",
2022-09-06 11:59:04+00:00,SulutPendis,@PendisKemenag ğŸ‘,
2022-09-06 07:49:20+00:00,dhaavhincy,@PendisKemenag min mw tanya klo utk perizinan NIB gmn prosedurnya ?,
2022-08-31 20:08:31+00:00,laka_muhammad,@PendisKemenag Kapan yah di umumkan hasilnya??,
2022-08-31 14:25:35+00:00,achank_nozzel,@PendisKemenag Kapan pengumuman nya ya min??,
2022-08-29 14:21:09+00:00,Absorudin,@PendisKemenag Perbaiki linearitas jurusan ppg antar kementerian agama dengan kementerian pendidikan. Kasian lulusan kampus dibawah Kemenag ijazahnya banyak yg gak linear dgn PPG kemendikbud,
2022-08-26 11:57:45+00:00,masroni_01,@PendisKemenag Situs SIAGA PENDIS di update kapan ya pak?? Untuk semester  ini??,
2022-08-26 11:57:40+00:00,masroni_01,@PendisKemenag Situs SIAGA PENDIS di update kapan ya pak?? Untuk semester  ini??,
2022-08-26 11:57:31+00:00,masroni_01,@PendisKemenag Situs SIAGA PENDIS di update kapan ya pak?? Untuk semester  ini??,
2022-08-26 11:49:54+00:00,masroni_01,@PendisKemenag SIAGA kapan buka update ya pak ??,
2022-08-22 02:26:42+00:00,Absorudin,"@PendisKemenag Kampus2 dibawah kemenag yang prodinya menumpang di prodi lain ijazahnya ditolak oleh direktorat PPG kemendikbud, tolong urusi masalah ini. Kasian kuliah capek2, bayar SPP mahal2 ijazah tak di akui (dianggap tidak linear)",
2022-08-21 09:09:43+00:00,dwiagussamudra9,"@PendisKemenag 
@Kemenag_RI 

Semoga seleksi penerimaan PPG batch ke 3 guru di kementerian agama lancar dan semua peserta diberi yang terbaik dan lulus........
(Meskipun saya dan yang lainnya belum pernah mencicipi pre tes dll, meskipun bertahun- tahun me",
2022-08-20 02:47:40+00:00,Mr_Syam,@PendisKemenag kenapa pengajuan muadalah selalu filed ?,
2022-08-19 06:03:56+00:00,Alimusyafak_jpr,@PendisKemenag Semoga mbarokahi bagi kita semua..,
2022-08-18 08:43:47+00:00,AlusCuy,@PendisKemenag mohon penjelasannya pak direktur Pendidikan Islam Kementerian agama Republik Indonesia kaitan Prodi/jurusan Manajemen Pendidikan Islam /KI kenapa tidak bisa ikut sertifikasi/PPG di kemenag.. justru kenapa di sekolah dinas pendidikan malah d,
2022-08-18 08:43:34+00:00,AlusCuy,@PendisKemenag mohon penjelasannya pak direktur Pendidikan Islam Kementerian agama Republik Indonesia kaitan Prodi/jurusan Manajemen Pendidikan Islam /KI kenapa tidak bisa ikut sertifikasi/PPG di kemenag.. justru kenapa di sekolah dinas pendidikan malah d,
2022-08-17 23:37:04+00:00,arismun60219134,@PendisKemenag Mohon di tindak asn ini karena sudah melakukan oencemaran nama baik dan kerugian di mutasi dan di tindak disiplin mohon kiranya bapak itjen menindak tegas terima kasih https://t.co/HAOdBlcjuJ,
2022-08-17 23:35:20+00:00,arismun60219134,@PendisKemenag masalah nya ybs sdh membawa bawa instansi kami dan kami sangat di rugikan karir kami maaf sblmnya bapak ijin,
2022-08-17 23:32:59+00:00,arismun60219134,@PendisKemenag maaf bukan saya menyebar luaskan karena ybs mwncoba mwlarikan diri dari masalah ini jadi kami mohon minta bantuan bapak pendis kemenag kami juga ada beberapa fhoto kenakalan beliau kami sdh menjadi korban kami di mutasi dan dan di beri tind,
2022-08-17 23:30:58+00:00,arismun60219134,@PendisKemenag ini nipnya  kami sangat kecewa penanganan di kemenag aceh langsa karena ybs sudah mengacak ngacak instansi kami https://t.co/xYBJo0WjDy,
2022-08-17 23:26:08+00:00,arismun60219134,"@PendisKemenag kehilangan pekerjaan,kalau di tempat instansi kami sdh berbuat seperti itu pasti di pindah apakah di kemenag semua asn kebal hukum,?",
2022-08-17 23:25:04+00:00,arismun60219134,@PendisKemenag serta mencuri kontak yang ada di email tersebut dan menelfon dan mwnjapri pimpinan kami dan kami mendapat kerugian sangsi disiplin dan mutasi apakah dalah hal ini asn pantas untuk di beri tindakan karena mencemarkan nama baik kami di instan,
2022-08-17 23:23:10+00:00,arismun60219134,"@PendisKemenag assalamualikum bapak saya mau bertanya apakah asn kemenag itu kebal hukum walaupun dia sdh melanggar uu dan merugikan pihak korban kok di usut kasusnya,ini terjadi di madrasah negeri 2 langsa ada seorang guru dia mengambil email dan akun fa",
2022-08-17 09:35:11+00:00,AhmadJu24843713,@PendisKemenag Alhamdulillah...... semoga terwujud,
2022-08-16 10:00:24+00:00,dwiagussamudra9,"@PendisKemenag 
@Kemenag_RI 

Alhamdulillah rekor 7 tahun, kalah sebelum bertanding di PPG.

Terverifikasi tapi belum pernah diikutsertakan dalam pre tes PPG.

Rodhitu Billah
#semangat
#ikhlas beramal",
2022-08-15 08:42:59+00:00,dwiagussamudra9,"@PendisKemenag @Kemenag_RI semoga tahun 2022 ini pre tes PPG, tidak seperti tahun2 sebelum terverifikasi tapi tidak pernah ikut pre tes PPG maupun PLPG dulunya....Aamin....
#Bahasa Asing/ Jerman
#antropologi
#kamijugagurukemenag RI",
2022-08-08 16:22:21+00:00,BigDasz,"@PendisKemenag @gtk_madrasah Gratis, pahala penuh",
2022-08-08 06:57:37+00:00,Dhimasnurw,"@PendisKemenag Assalamu'alaikum , untuk bop tpq kapan cairnya...",
2022-08-07 00:58:58+00:00,mus_newton,@PendisKemenag,
2022-08-07 00:55:21+00:00,mus_newton,@PendisKemenag kami tidak bisa mengajar... Tapi kenapa gelar kami S. Pd. I... kami juga punya Akta IV waktu lulus kuliah... Mohon kebijaksanaan Bpk Dirjen Pendis... Untuk tahun berikutnya ijazah kami bisa ter akomodir..,
2022-08-07 00:55:01+00:00,mus_newton,@PendisKemenag Assalamu'alaikum...Apa yang Salah dengan Ijazah kami Puluhan ribu Alumni Kependidikan Islam/Manajemen Pendidikan Islam sehingga tertolak ikut PPG... seolah ijazah kami tak ada nilai nya...padahal kami sdh mengabdi bertahun-tahun di MA... ad,
2022-08-06 01:52:33+00:00,NaslurJepara,@PendisKemenag Bisa didapatkan di mana min bukunya?,
2022-08-04 07:22:06+00:00,Dhimasnurw,"@PendisKemenag Untuk bop tpq , kapa cairnya...",
2022-08-03 15:55:33+00:00,Dhimasnurw,"@PendisKemenag Assalamu'alaikum, mau tanya tentang bop tpq ... Kapan cairnya, udah sebulan molor dari timeline",
2022-08-02 13:16:57+00:00,maarifimogiri,@PendisKemenag Cocok.,
2022-08-02 12:48:39+00:00,ParningotanAri1,@PendisKemenag https://t.co/Vsn9wuFVGR,
2022-08-02 12:48:16+00:00,ParningotanAri1,@PendisKemenag https://t.co/Vsn9wuFVGR,
2022-08-02 12:48:05+00:00,ParningotanAri1,@PendisKemenag https://t.co/Vsn9wuFVGR,
2022-08-02 12:47:43+00:00,ParningotanAri1,@PendisKemenag https://t.co/Vsn9wuFVGR,
2022-08-01 05:33:18+00:00,tibylin,"@PendisKemenag Halah, bos reguler aj dipangkas",
2022-08-01 05:31:53+00:00,FrLCnDLuV,"@PendisKemenag Ahh Thx so much admin @PendisKemenag , tulisan ku yg ga seberapa bagus itu akhirnya muncul di TL Tweeter ğŸ™",
2022-07-30 03:45:44+00:00,IgarNurdiansah2,@PendisKemenag Pak SIMPATIKA down kah?,
2022-07-29 08:50:44+00:00,tibylin,@PendisKemenag Hadeeuh apa lg ini....?,
2022-07-28 04:37:54+00:00,Rizkifernanda1R,@PendisKemenag Pembagian zona berdasrkan apa min ?,
2022-07-28 03:41:02+00:00,tryhandoko123,@PendisKemenag PPPK guru madrasah dipikirkan pak,
2022-07-23 13:55:52+00:00,Man1florestimur,@PendisKemenag Sukses selalu,
2022-07-22 16:14:45+00:00,kemal_s03,"@PendisKemenag Mau bertanya NSM tidak muncul , pas membuat akun emis, langkah yang tepat untuk mepercata nya apa ya ?",
2022-07-21 21:20:57+00:00,PoncoIshak,@PendisKemenag Alamat link daftarnya admin.,
2022-07-14 13:15:20+00:00,solehalfaizin,@PendisKemenag Gak diimbangi dengan kesejahteraan guru. GBPNS infonya akhir Juni sampe sekarang gak ada kabar,
2022-07-10 15:32:11+00:00,Empok_lina,@PendisKemenag Insentif GBPNS gmn kbr???,
2022-07-08 23:20:10+00:00,ParningotanAri1,@PendisKemenag https://t.co/YvL2jj0zyF,
2022-07-08 17:29:25+00:00,BAMBANGMURYAN22,@PendisKemenag Mana link untuk daftar nya...?,
2022-07-08 13:42:10+00:00,nunnajib982,"@PendisKemenag Min, nggak ada beasiswa guru Nahwu Shorof ya? ğŸ˜…",
2022-07-06 10:02:40+00:00,ParningotanAri1,@PendisKemenag https://t.co/Vsn9wuFVGR,
2022-07-06 07:51:30+00:00,AnnuarGunawan,"@PendisKemenag Ø§Ù„Ø³Ù„Ø§Ù… Ø¹Ù„ÙŠÙƒÙ… ÙˆØ±Ø­Ù…Ø© Ø§Ù„Ù„Ù‡ ÙˆØ¨Ø±ÙƒØ§ØªØ©
Mohon maaf mengganggu.. Izin bertanya bapak/ibu admin.. 
Apakah  blangko ijazah untuk MA sudah bisa dipastikan kapan selesai dcetak nya..? Soalnya beberapa siswa membutuhkannya untu",
2022-07-06 07:34:48+00:00,tibylin,@PendisKemenag Yes,
2022-07-05 23:51:02+00:00,fokus_belajar,@PendisKemenag Ditunggu hasil pengumumannya min....,
2022-07-05 12:36:49+00:00,Kuamboblack,@PendisKemenag ğŸ˜‚ğŸ˜‚ğŸ˜‚ğŸ˜‚ğŸ˜‚ğŸ˜‚ğŸ˜‚ğŸ˜‚ğŸ˜‚ğŸ˜‚ğŸ˜‚ğŸ˜‚,
2022-07-05 12:35:46+00:00,Kuamboblack,@PendisKemenag ğŸ˜‚ğŸ˜‚ğŸ˜‚ğŸ˜‚ğŸ˜‚ğŸ˜‚ğŸ˜‚ğŸ˜‚ğŸ˜‚,
2022-07-05 12:35:18+00:00,Kuamboblack,@PendisKemenag ğŸ˜‚ğŸ˜‚ğŸ˜‚ğŸ˜‚ğŸ˜‚,
2022-07-05 02:04:11+00:00,tryhandoko123,"@PendisKemenag PPPK guru madrasah pak dibahas, kasian",
2022-07-04 06:57:43+00:00,Kuamboblack,@PendisKemenag Kualitasmu juga tingkatkan,
2022-07-02 12:52:55+00:00,mahargiyant_,"@PendisKemenag hai min, hehe.",
2022-07-01 15:45:33+00:00,Kuamboblack,@PendisKemenag Takuuutt ngumpet ahh,
2022-07-01 06:25:28+00:00,MirzaHikmah,@PendisKemenag Min bgmna nasib guru madrasah tentang SE meniadakan libur semester? Mhon ditanggapi dan diberikan alasanlah. Kasian guru2 kemenag yg penempatan jauh dari keluarga ğŸ™ğŸ». Semoga segera direvisi ya min..,
2022-07-01 06:24:48+00:00,MirzaHikmah,@PendisKemenag Min bgmna nasib guru madrasah tentang SE meniadakan libur semester? Mhon ditanggapi dan diberikan alasanlah. Kasian guru2 kemenag yg penempatan jauh dari keluarga ğŸ™ğŸ».. semoga segera direvisi yaa min..,
2022-07-01 04:56:07+00:00,AbdinegaraSetia,@PendisKemenag min kapan bukaan pppk guru madrasah swasta?,
2022-06-30 21:55:15+00:00,Kuamboblack,@PendisKemenag Semoga orang orang yang dzolim mendapar laknat Tuhan yang maha kuasa,
2022-06-30 21:53:55+00:00,Kuamboblack,@PendisKemenag Ayo bikin SE lagi berdasakan hawa nafsunya,
2022-06-30 05:54:24+00:00,Kuamboblack,@PendisKemenag Sesungguhnya dosa itu atas orang-orang yang berbuatÂ zalimÂ kepada sesama manusia dan melampaui batas di bumi tanpa (mengindahkan) kebenaran. Mereka itu mendapatkan siksa yang pedihâ€ (QS asy-Syura: 42).,
2022-06-30 02:34:02+00:00,harhaarr,@PendisKemenag @direktoridosen @Bebekaduskaliii,
2022-06-30 00:28:27+00:00,nkstuhi,"@PendisKemenag halo admin yang dzalim dan tidak bijaksana. gimana kelanjutan libur semester guru madrasah. ngeri banget gak sih, didoakan orang se Indonesia yang merasa teraniaya. ati2 didoain jelek malah dikabulkan.",
2022-06-29 18:00:18+00:00,oktarinaafida2,"@PendisKemenag Sampai sekarang belum ada tanggapan, konfirmasi sama sekali tentang SE perampasan hak libur guru, para pemangku jabatan, bagaimana anda bisa setega itu menghalangi jalan silaturahmi kami dg keluarga.",
2022-06-29 17:12:02+00:00,Kuamboblack,"@PendisKemenag Posting SE perampasan libur guru donk, biar keren gitu..",
2022-06-28 23:22:59+00:00,Kuamboblack,@PendisKemenag Kreatifnya overdosis gak ketulungan,
2022-06-28 23:17:15+00:00,Kuamboblack,"@PendisKemenag Mengerikan,kejam, dan otoriter",
2022-06-28 22:26:33+00:00,tryhandoko123,@PendisKemenag PPPK guru madrasah dipikirin min,
2022-06-28 16:02:08+00:00,auni_19okt89,@PendisKemenag Mohon penjelasannya terkait edaran yg meniadakan libur semester bagi guru guru madrasah,
2022-06-28 14:47:04+00:00,Kuamboblack,"@PendisKemenag Diam seperti siluman,  bergerak mendzolimi kereen",
2022-06-28 14:45:04+00:00,Kuamboblack,"@PendisKemenag Halah mental hitler lu, komentar IG aja pake ditutup segala, Wahai @PendisKemenag  anda harus mengklarifikasi sejelas2nya surat edaran konyol tentang libur madrasah yg sudah meresahkan itu",
2022-06-28 11:30:48+00:00,LbsDyna,@PendisKemenag Belajar diam bae nih... klarifikasi dong... guru di tekan2 seolah2 gurutuh ga penting x untuk libur.... guru BUKAN ROBOT MIN... #kembalikanliburguru #kembalikanhakguru,
2022-06-28 11:25:42+00:00,tyass_11,@PendisKemenag Tolong ditinjau kembali SE yg membuat resah guru Madrasah..,
2022-06-28 11:12:48+00:00,LbsDyna,@PendisKemenag Posting yang SE lah min... masa diem bae #selamatkanliburGURU,
2022-06-28 10:09:02+00:00,UmarBakery4,@PendisKemenag Surat edaran yg entah dasar hukumnya apa ASN Guru tetep masuk padahal kemenpan sendiri menegaskan guru berhak memperoleh libur semester https://t.co/TsFAkOmTfF,
2022-06-28 09:17:23+00:00,tryhandoko123,"@PendisKemenag Bahas PPPK Kemenag guru madrasah min,, udah ngabdi belasan sampai puluhan tahun ini,, masa kalah sm Dapodik baru bbrp bulan bs ikut PPPK,, sungguh kasian mereka",
2022-06-28 08:55:20+00:00,mahargiyant_,@PendisKemenag nggak bahas SE yg membuat para guru resah aja min?,
2022-06-28 08:20:38+00:00,yuniaaMS,"@PendisKemenag Assalamualaikum admin pendiskemenag, kami ingin menanyakan aturan dasar hukum mana yg digunakan terkait Surat Edaran tentang Libur Akhir Semester pada Madrasah ? kenapa bertentangan dengan peraturan perundangan-undangan yang berlaku secara ",
2022-06-28 07:58:06+00:00,rizkyrosiana_,"@PendisKemenag Tolong alasannya kenapa guru madrasah dihapus libur semesternya. Kami yg bekerja 6hr seminggu, jauh dr keluarga, tunjangan non sertifikasi tidak penuh, diperlakukan sama dgn struktural. Semua akan dimintai pertanggungjawaban, ingat2 saja",
2022-06-28 07:09:50+00:00,siakkang,@PendisKemenag Kami butuh klarifikasi,
2022-06-28 06:10:05+00:00,Airol_rulnex99,@PendisKemenag Diam seolah2 tidak terjadi apa2 dg guru2nya ..,
2022-06-28 06:08:18+00:00,siakkang,@PendisKemenag Gg gaming min,
2022-06-28 05:35:44+00:00,mahargiyant_,"@PendisKemenag min, ditagih dimana2 nih. kok diem2 wae? ğŸ˜­",
2022-06-28 03:47:47+00:00,WitriNingsih,"@PendisKemenag Min kami butuh libur, jgn zolim kpd guru",
2022-06-28 03:40:13+00:00,depannyawarung,@PendisKemenag gimana kabar surat edarannya bpk/ibu? gak pengen ditarik? apa relevansinya mengeluarkan surat edaran mendadak dan isinya tidak memikirkan kesejahteraan guru? kalian malah mengambil hakÂ² para guru,
2022-06-28 00:42:45+00:00,Juniarni,"@PendisKemenag Dear Bapak Ditjen Pendis,  izin bertanya, apakah ada alasan khusus sehingga guru madrasah tidak lagi berhak mendapatkan jatah libur semester? @Kemenag_RI",
2022-06-28 00:40:26+00:00,bamz_susilo,@PendisKemenag Maaf min mau bertanya tentang SE Nomor B-1139.1/DJ.I/DT.1.1/06/2022 tentang libur akhir pada madrasah. Apakah memang guru2 di bawah naungan Kemenag yang berstatus ASN kembali masuk kerja seperti biasa? Mohon pencerahannya ya min,
2022-06-27 16:03:45+00:00,jrgbukatwt,"@PendisKemenag gimana ini.. kok guru ga bisa dpat libur..suda kerja 6 hari, di madrasah sibuk dgn ratusan siswa, tunjangan dibedakan sm kantor, ppg macet.. mau apalagi sih.. ingat tanpa guru kalian bukan apa2..tlong ditindak lanjut pak @YaqutCQoumas @joko",
2022-06-27 15:22:10+00:00,Paijo59409482,"@PendisKemenag Soal libur guru, tolong fikirkan guru yg merantau dan punya orang tua dipulau sebrang",
2022-06-27 14:57:49+00:00,siakkang,@PendisKemenag Mohon klarifikasinya terhadap SE meniadakan libur semester bagi guru,
2022-06-27 13:05:34+00:00,cuculordrangga,"@PendisKemenag Jika belum bisa mensejahterakan guru, jangan rampas hak guru",
2022-06-27 11:37:46+00:00,auni_19okt89,@PendisKemenag Tolong Untuk pencerahannya terkait libur semester bagi guru madrasah.,
2022-06-27 09:22:46+00:00,MinHarus,"@PendisKemenag Admin mohon info apa kh surat ini benar adanya, kami sebagai guru merasa resah dengan ditidakannya libur semester guru https://t.co/YSHZ1y2VZ2",
2022-06-27 09:09:03+00:00,dorynella,"@PendisKemenag 

Izin, Min. 

Apakah SE ini benar atau tidak?

Maaf dan terima kasih https://t.co/loPHK0k2Vg",
2022-06-27 07:49:21+00:00,tsalasatul,@PendisKemenag Salam mimin... Boleh info terkait beasiswa untuk dosen dibawah naungan kemenag?ğŸ™,
2022-06-27 07:14:27+00:00,tsalasatul,@PendisKemenag mohon info terkait beasiswa untuk dosen dibawah naungan kemenag.. karena mnrt info dosen kemenag tidak boleh mengikuti beasiswa BPI. Trims MiminğŸ™,
2022-06-21 11:28:49+00:00,tapaikelambu,"@PendisKemenag Admin nanya dong,
Gimana nih kabarnya tidak ada libur semester untuk guru Juli ini ?",
2022-06-15 03:56:33+00:00,abdulwahid56606,"@PendisKemenag Gimn nasif guru inpasing BPK Mentri,apakah ada harapan..p3k apa lagi PNS..bpk..",
2022-06-13 04:59:15+00:00,arabi_damuen,@PendisKemenag Aamien,
2022-06-09 09:06:20+00:00,awanncerah,@PendisKemenag Hallo min penguman nya bisa di akses via apa ?,
2022-06-04 03:13:05+00:00,ParningotanAri1,@PendisKemenag https://t.co/2D5AEOl9M6,
2022-05-31 07:36:41+00:00,Munawwir90,"@PendisKemenag @PPesantren
Salam

Saya Muhammad Nasir Munawir dari Pondok Pesantren Riyadlul Quran Mojokerto,

Saya ingin menggunakan aplikasi elearning untuk di jalankan di lembaga kami apakah bisa?",
2022-05-31 04:30:13+00:00,MoalNkri,@PendisKemenag Assalamualaikum,
2022-05-29 03:23:27+00:00,ika_nuansah,@PendisKemenag Pokja guru apa min?ğŸ™ğŸ»,
2022-05-28 05:35:33+00:00,ParningotanAri1,@PendisKemenag https://t.co/QAWtzPcFQD,
2022-05-21 11:04:33+00:00,tiecka19,"@PendisKemenag assalamualaikum bapak/ibu. mohon pencerahan nya untuk saya.
bagaimana cara MUTASI DARI DAPODIK KE SIMPATIKA??",
2022-05-18 16:33:34+00:00,SingghtkSubgguh,"@PendisKemenag min izin bertanya, ini untuk semua ptkin di Indonesia atau cuma yang sudah siap dari segi sarpras? https://t.co/Xoqj8MKUrd",
2022-05-17 08:02:10+00:00,salmaaishak,@PendisKemenag Mohon informasi bagaimana cara mengurus ijazah MA yg hilang?lulus sekitar tahun 2008 dan akan digunakan untuk melakukan pendaftaran universitas tahun ini ğŸ™,
2022-04-23 13:44:33+00:00,KhoirulFathoni1,@PendisKemenag apa bnara syara pncairan BOS Hrus vaksin Boster...sdngksn sy bcs di juknis ada tpp insentif dll tdk ads juknis di juknis mslsh boster...gmna ini gru2 madrsahvtdk bisa d bsyar krna bos tdk cair klobtdk di boster,
2022-04-23 13:42:00+00:00,KhoirulFathoni1,@PendisKemenag https://t.co/NCMEmNliYQ,
2022-04-22 00:32:14+00:00,ziadatul_wardah,"@PendisKemenag tolong dong pak/bu pembayaran BOP RA dikembalikan kepada kemenag kab/kota,karena kalau di kanwil lebih lama proses'a,apalagi kami provinsi kepulauan,jaringan telekomunikasi jadi masalah utama,sehingga pendataan terkandala,berimbas kepada RA",
2022-04-19 21:35:21+00:00,blurmefree,"@PendisKemenag buat apa dana BOS jika masih ada pungutan di Madrasah Aliyah Negeri 2 diPekanbaru, nilainya pun bukan kecil 8,6 juta https://t.co/fkRaYx1Dku",
2022-04-19 05:16:33+00:00,anwarsarip226,@PendisKemenag Ya iyaa lah . Itukan uang amanah,
2022-04-15 11:53:41+00:00,kimam24,@PendisKemenag Bos belum juga cair untuk madrasah aliyah,
2022-04-14 06:47:44+00:00,kimam24,@PendisKemenag Kapan bos cair??,
2022-04-13 18:50:30+00:00,kimam24,@PendisKemenag Kapan bos Madrasah aliyah bisa cair kasian sekolah swasta,
2022-04-13 01:47:59+00:00,Darisma73502824,@PendisKemenag Doa kami d bulan ramadan ini semoga tunjangan insentif guru honor madrasah yg tahun ini dan yang tahun kemarin 4 bln gak di bayar bisa di bayarkan  padahal hanya Rp.250.000/bulan aminnn,
2022-04-10 01:44:56+00:00,IMAMMARUFSPd1,@PendisKemenag SEMOGA PROGRAM LAMA PENERBITAN SK INPASSING TETAP JADI PRIORITAS,
2022-04-09 23:28:25+00:00,1Okus,@PendisKemenag Faizah,
2022-04-06 11:17:01+00:00,esteler1kg,"@PendisKemenag Semoga syaratnya asal terdaftar di simpatika dan S1, 
selain S1 pendidikan semoga bisa daftarğŸ¥º",
2022-04-06 06:32:57+00:00,ruliyaww,"@PendisKemenag Alhamdulillah angin segar, semoga terwujud ğŸ¤²",
2022-03-31 05:56:21+00:00,Alimusyafak_jpr,@PendisKemenag Barokallah,
2022-03-23 06:33:49+00:00,medialaki,@PendisKemenag https://t.co/46FQm8Nr0i,
2022-03-23 03:21:53+00:00,Alimusyafak_jpr,@PendisKemenag Barokalloh..,
2022-03-19 00:52:48+00:00,NurjanahMajid,@PendisKemenag Alhamdulillah ğŸ¤²,
2022-03-16 13:11:18+00:00,Harumnamanya5,@PendisKemenag Di sptjm itu kan bertanggal feb 21. Bantuan lainnya udh didpt lama sblm sptjm dr hal it kan memang bukan penerima lg it gmn min? Lalu di fb pun byk info kl yg terdata tdk rata. Ad yg sdh dpt bsu lalu ikt praker namanya gd. Ad yg cm dpt bsu ,
2022-03-14 05:26:04+00:00,eris_ruswandi,@PendisKemenag Ngobrol dengan MUI sebab madrasah diniyah milik umat muslim bukan milik kementerian agama ???,
2022-03-13 09:40:00+00:00,yasserazka,"@PendisKemenag Dengan terobosan yang baik ini semoga akan terus ada continuous improvement 
https://t.co/xXGKdh9vQ5",
2022-03-12 15:34:49+00:00,BigDasz,@PendisKemenag Solutif,
2022-03-11 02:41:49+00:00,tibylin,@PendisKemenag Yakin?,
2022-03-09 03:00:10+00:00,awangcand,@PendisKemenag https://t.co/pUJoHbmMMV,
2022-03-07 08:33:22+00:00,YSsamudra28,"@PendisKemenag Dana bos tahap 1 2022 kapan cair?
Di janjikan januari cair tapi sampe bulan maret ga jelas kapan cair.",
2022-03-05 04:02:40+00:00,KamilahTV2,@PendisKemenag min kapan akan diadakannya pritest PPG tahun 2022,
2022-03-01 16:49:56+00:00,ayy_anna120302,"@PendisKemenag Pak ini masa anak MA bermasalah semua, tolong segera dituntaskan /carikan jalan keluar, udah setres banget ini pak",
2022-03-01 16:46:14+00:00,ayy_anna120302,"@PendisKemenag @PendisKemenag Yang saya hormati,ini kenapa ya alumni MA pada sulit bikin akun ltmpt, nangis banget 2 minggu lagi penutupan",
2022-02-23 23:03:18+00:00,husaien_haikal,@PendisKemenag  mengapa peserta  inpassing 2014 sampai sekarang belum ada kabarnya. Dan di Kemendikbud aja sudah beberapa kali mengajukan inpasing utk guru guru barunya dikemenag guru yang mengajar dari 2006 kebawah aja masih banyak yang belum inpassing,
2022-02-22 10:09:13+00:00,Alimusyafak_jpr,@PendisKemenag Barokalloh,
2022-02-22 09:38:56+00:00,MTsN1Pati,@PendisKemenag @Alimusyafak_jpr,
2022-02-20 13:44:36+00:00,Alimusyafak_jpr,@PendisKemenag Mksh min..,
2022-02-19 02:31:41+00:00,ImamDzikri2,@PendisKemenag Perecepat PPG Juga nggeh pak... ğŸ™,
2022-02-15 09:50:46+00:00,ImamDzikri2,"@PendisKemenag Nggih pak senantiasa kami sebar, tapi kalau lihat dapodik temen-temen pada dipanggil PPG sampai 2019 rasanya susah untuk ditoleransi.... kami manusia biasa pak,,,",
2022-02-14 06:07:08+00:00,IlhamJudin,@PendisKemenag Mantap Jaya terus Madrasah q...,
2022-02-12 10:55:09+00:00,rhemasyk007,@PendisKemenag Gimna Khabar PPG ?,
2022-02-12 02:22:28+00:00,ImamDzikri2,"@PendisKemenag semoga TMT sudah nambah tahun, tidak hanya 2015, kemendikbud sudah mengarah sampai 2021",
2022-02-11 06:21:22+00:00,BigDasz,@PendisKemenag Penting dan menarik,
2022-02-09 11:22:01+00:00,ImamDzikri2,"@PendisKemenag PPG GPAI nasibnya bagaimana pak dirjen.... itu kemendikbud sudah mulai bergerak gesit.... kuota juga banyakan kemendikbud tapi tidak mengular juga antriannya,,, bantu kami pak... please....,ğŸ˜­",
2022-02-07 22:31:14+00:00,masroni_01,@PendisKemenag Situa Siaga pendis buka kembali kapan ya pak?,
2022-01-31 18:58:23+00:00,anurdin9,"@PendisKemenag Aslmkm Wr wb, izin bertanya dan mohon petunjuknya min, Bagaimana Proses Mutasi Data Sertifikasi dari Kemenag Ke Kemdikbud ? Apakah bisa di proses, mengingat saat ini saya sedang mengikuti tes seleksi Cawas di Dinas Pendidikan Setempat, saat",
2022-01-31 11:54:35+00:00,gumilarguns1983,"@PendisKemenag boleh bertanya, nasib guru PAI yang ada di negeri?",
2022-01-21 10:27:58+00:00,YNurbayan,"@PendisKemenag Mohon bantuan rehabnya atap madrasah kami rusak berat pak Menteri @YaqutCQoumas, @Kemenag_RI  ğŸ™ğŸ™ğŸ™",
2022-01-18 05:12:15+00:00,medialaki,@PendisKemenag https://t.co/OpxoxK50nJ,
2022-01-10 12:24:19+00:00,1Okus,@PendisKemenag Hendri Dunan,
2022-01-05 15:07:07+00:00,BigDasz,@PendisKemenag TerbaiikğŸ‘ğŸ»,
2022-01-04 03:53:19+00:00,AlbatawiHabaz,@PendisKemenag Mantab P Dir... Lanjutkan ... Semoga Pak Direktur dan Semua tim di KSKK Madrasah diberkahi Allah.,
2021-12-27 23:45:30+00:00,karirdotguru,@PendisKemenag salam juang peningkatan kualitas SDM pendidikan Indonesia,
2021-12-25 03:58:26+00:00,zaschkyaa,@PendisKemenag Aaaa pengen banget lanjut sekolah ke sini,
2021-12-20 07:31:43+00:00,karirdotguru,@PendisKemenag maju terus Guru Indonesia,
2021-12-16 06:41:29+00:00,YSsamudra28,"@PendisKemenag Insentif GBPNS madrasah gelombang 2 cuma di bikinin rekening doang, tapi ga di cairin...kasian bener guruÂ² madrasah.",
2021-12-13 03:36:31+00:00,karirdotguru,@PendisKemenag salam sukses,
2021-12-09 03:52:42+00:00,karirdotguru,@PendisKemenag salam juang Pendidik Indonesia,
2021-12-03 09:58:37+00:00,1Okus,@PendisKemenag Assalamualaikum warahmatullahi Selamat Datang Di PTSP MIN 1 OKU Selatan untuk informasi layanan kami ketik : INFOMIN1,
2021-11-28 11:48:48+00:00,1Okus,@PendisKemenag Faizah,
2021-11-28 11:47:06+00:00,1Okus,@PendisKemenag Faizah,
2021-11-26 04:57:40+00:00,1Okus,@PendisKemenag Assalamualaikum warahmatullahi Selamat Datang Di PTSP MIN 1 OKU Selatan untuk informasi layanan kami ketik : INFOMIN1,
2021-11-26 04:57:39+00:00,1Okus,@PendisKemenag Assalamualaikum warahmatullahi Selamat Datang Di PTSP MIN 1 OKU Selatan untuk informasi layanan kami ketik : INFOMIN1,
2021-11-25 06:30:14+00:00,BigDasz,"@PendisKemenag MI.Tarbiyah Probolinggo kota, hadirrr! https://t.co/jGsbXvR7py",
2021-11-25 01:38:42+00:00,markkezhoot,@PendisKemenag Selamat hari guru.. ayo semua.. jgn bikin rapat2 fiktif di hotel.. cukuplah senior kalian yg kena.. #selfreminding,
2021-11-24 06:21:38+00:00,YSsamudra28,@PendisKemenag Insentif guru madrasah yang belum dapat rekening gimana nasib nya? Kasian guru madrasah,
2021-11-24 04:52:58+00:00,tarromilktea,@PendisKemenag Utk alumni S1 tdk ada sama sekali dr UIN Syarif Hidayatullah Jakarta ya min,
2021-11-23 02:56:23+00:00,KangFikri9,@PendisKemenag Min apa bantuan insentif guru PAI sudah mulai disalurkan?,
2021-11-22 18:45:46+00:00,1Okus,@PendisKemenag Assalamualaikum warahmatullahi Selamat Datang Di PTSP MIN 1 OKU Selatan untuk informasi layanan kami ketik : INFOMIN1,
2021-11-22 08:35:06+00:00,1Okus,@PendisKemenag Assalamualaikum warahmatullahi Selamat Datang Di PTSP MIN 1 OKU Selatan untuk informasi layanan kami ketik : INFOMIN1,
2021-11-22 07:06:45+00:00,1Okus,@PendisKemenag Assalamualaikum warahmatullahi Selamat Datang Di PTSP MIN 1 OKU Selatan untuk informasi layanan kami ketik : INFOMIN1,
2021-11-22 01:18:01+00:00,k_kusnanto,@PendisKemenag https://t.co/0jH7g3qKOq,
2021-11-20 06:30:17+00:00,markkezhoot,@PendisKemenag https://t.co/ASYJ40dsHo bersihin dulu dari ginian.. gasah jarkoni,
2021-11-20 05:28:36+00:00,anwarsarip226,"@PendisKemenag Para pejabat harus memperhatikan para pegawainya. 
Sy sudah pensiun . Tapi SK manaa ? Sudah 5 bulan menunggu dan menunggu. Dan kenaikan Tukin sy 7 bln belum di bayar.",
2021-11-20 05:10:04+00:00,direktoridosen,@PendisKemenag Sepakat... Tentu diiringi dg peningkatan pendapatan guru kan?,
2021-11-19 07:40:36+00:00,1Okus,@PendisKemenag Assalamualaikum warahmatullahi Selamat Datang Di PTSP MIN 1 OKU Selatan untuk informasi layanan kami ketik : INFOMIN1,
2021-11-19 05:45:28+00:00,YSsamudra28,@PendisKemenag Insentif GBPNS madrasah 2021 yang belum dapat rekening bagaimana nasib nya pak? kasian pada nungguin,
2021-11-19 03:56:14+00:00,1Okus,@PendisKemenag Hendri Dunan,
2021-11-18 23:06:38+00:00,fGSNI21,@PendisKemenag Salam pergerakan sahabat fgsni https://t.co/yPNwJkRpYk,
2021-11-18 00:49:59+00:00,tibylin,"@PendisKemenag 
Urusan rekruitmen bs nanti, yg urgen tlg dprioritaskan.

Jgn smp gurunya dah gaji kecil ketimpa bangunan ambruk pula...",
2021-11-18 00:43:55+00:00,1Okus,@PendisKemenag Jarussila,
2021-11-18 00:43:42+00:00,1Okus,@PendisKemenag Faizah,
2021-11-18 00:33:17+00:00,tibylin,"@PendisKemenag Fokus k kesejahteraan guru honor swasta dulu min.
Yg gk asn, gk serti, ngjr dah ratusan tahun dg sabarr, gaji jauh dr layak...",
2021-11-18 00:20:31+00:00,NaslurJepara,"@PendisKemenag Sangat setuju, karena banyaknya jumlah madrasah swasta, berarti jumlah gurunya jg banyak, harus ada pehatian pada kualitasnya",
